0.0,19.6,50.0,370.0
0.1,19.600333333,50.000416667,370.042
0.2,19.600666667,50.000833333,370.083
0.3,19.601,50.00125,370.125
0.4,19.601333333,50.001666667,370.167
0.5,19.601666667,50.002083333,370.208
0.6,19.602,50.0025,370.25
0.7,19.602333333,50.002916667,370.292
0.8,19.602666667,50.003333333,370.333
0.9,19.603,50.00375,370.375
1.0,19.603333333,50.004166667,370.417
1.1,19.603666667,50.004583333,370.458
1.2,19.604,50.005,370.5
1.3,19.604333333,50.005416667,370.542
1.4,19.604666667,50.005833333,370.583
1.5,19.605,50.00625,370.625
1.6,19.605333333,50.006666667,370.667
1.7,19.605666667,50.007083333,370.708
1.8,19.606,50.0075,370.75
1.9,19.606333333,50.007916667,370.792
2.0,19.606666667,50.008333333,370.833
2.1,19.607,50.00875,370.875
2.2,19.607333333,50.009166667,370.917
2.3,19.607666667,50.009583333,370.958
2.4,19.608,50.01,371.0
2.5,19.608333333,50.010416667,371.042
2.6,19.608666667,50.010833333,371.083
2.7,19.609,50.01125,371.125
2.8,19.609333333,50.011666667,371.167
2.9,19.609666667,50.012083333,371.208
3.0,19.61,50.0125,371.25
3.1,19.610333333,50.012916667,371.292
3.2,19.610666667,50.013333333,371.333
3.3,19.611,50.01375,371.375
3.4,19.611333333,50.014166667,371.417
3.5,19.611666667,50.014583333,371.458
3.6,19.612,50.015,371.5
3.7,19.612333333,50.015416667,371.542
3.8,19.612666667,50.015833333,371.583
3.9,19.613,50.01625,371.625
4.0,19.613333333,50.016666667,371.667
4.1,19.613666667,50.017083333,371.708
4.2,19.614,50.0175,371.75
4.3,19.614333333,50.017916667,371.792
4.4,19.614666667,50.018333333,371.833
4.5,19.615,50.01875,371.875
4.6,19.615333333,50.019166667,371.917
4.7,19.615666667,50.019583333,371.958
4.8,19.616,50.02,372.0
4.9,19.616333333,50.020416667,372.042
5.0,19.616666667,50.020833333,372.083
5.1,19.617,50.02125,372.125
5.2,19.617333333,50.021666667,372.167
5.3,19.617666667,50.022083333,372.208
5.4,19.618,50.0225,372.25
5.5,19.618333333,50.022916667,372.292
5.6,19.618666667,50.023333333,372.333
5.7,19.619,50.02375,372.375
5.8,19.619333333,50.024166667,372.417
5.9,19.619666667,50.024583333,372.458
6.0,19.62,50.025,372.5
6.1,19.620333333,50.025416667,372.542
6.2,19.620666667,50.025833333,372.583
6.3,19.621,50.02625,372.625
6.4,19.621333333,50.026666667,372.667
6.5,19.621666667,50.027083333,372.708
6.6,19.622,50.0275,372.75
6.7,19.622333333,50.027916667,372.792
6.8,19.622666667,50.028333333,372.833
6.9,19.623,50.02875,372.875
7.0,19.623333333,50.029166667,372.917
7.1,19.623666667,50.029583333,372.958
7.2,19.624,50.03,373.0
7.3,19.624333333,50.030416667,373.042
7.4,19.624666667,50.030833333,373.083
7.5,19.625,50.03125,373.125
7.6,19.625333333,50.031666667,373.167
7.7,19.625666667,50.032083333,373.208
7.8,19.626,50.0325,373.25
7.9,19.626333333,50.032916667,373.292
8.0,19.626666667,50.033333333,373.333
8.1,19.627,50.03375,373.375
8.2,19.627333333,50.034166667,373.417
8.3,19.627666667,50.034583333,373.458
8.4,19.628,50.035,373.5
8.5,19.628333333,50.035416667,373.542
8.6,19.628666667,50.035833333,373.583
8.7,19.629,50.03625,373.625
8.8,19.629333333,50.036666667,373.667
8.9,19.629666667,50.037083333,373.708
9.0,19.63,50.0375,373.75
9.1,19.630333333,50.037916667,373.792
9.2,19.630666667,50.038333333,373.833
9.3,19.631,50.03875,373.875
9.4,19.631333333,50.039166667,373.917
9.5,19.631666667,50.039583333,373.958
9.6,19.632,50.04,374.0
9.7,19.632333333,50.040416667,374.042
9.8,19.632666667,50.040833333,374.083
9.9,19.633,50.04125,374.125
10.0,19.633333333,50.041666667,374.167
10.1,19.633666667,50.042083333,374.208
10.2,19.634,50.0425,374.25
10.3,19.634333333,50.042916667,374.292
10.4,19.634666667,50.043333333,374.333
10.5,19.635,50.04375,374.375
10.6,19.635333333,50.044166667,374.417
10.7,19.635666667,50.044583333,374.458
10.8,19.636,50.045,374.5
10.9,19.636333333,50.045416667,374.542
11.0,19.636666667,50.045833333,374.583
11.1,19.637,50.04625,374.625
11.2,19.637333333,50.046666667,374.667
11.3,19.637666667,50.047083333,374.708
11.4,19.638,50.0475,374.75
11.5,19.638333333,50.047916667,374.792
11.6,19.638666667,50.048333333,374.833
11.7,19.639,50.04875,374.875
11.8,19.639333333,50.049166667,374.917
11.9,19.639666667,50.049583333,374.958
12.0,19.64,50.05,375.0
12.1,19.640333333,50.050416667,375.042
12.2,19.640666667,50.050833333,375.083
12.3,19.641,50.05125,375.125
12.4,19.641333333,50.051666667,375.167
12.5,19.641666667,50.052083333,375.208
12.6,19.642,50.0525,375.25
12.7,19.642333333,50.052916667,375.292
12.8,19.642666667,50.053333333,375.333
12.9,19.643,50.05375,375.375
13.0,19.643333333,50.054166667,375.417
13.1,19.643666667,50.054583333,375.458
13.2,19.644,50.055,375.5
13.3,19.644333333,50.055416667,375.542
13.4,19.644666667,50.055833333,375.583
13.5,19.645,50.05625,375.625
13.6,19.645333333,50.056666667,375.667
13.7,19.645666667,50.057083333,375.708
13.8,19.646,50.0575,375.75
13.9,19.646333333,50.057916667,375.792
14.0,19.646666667,50.058333333,375.833
14.1,19.647,50.05875,375.875
14.2,19.647333333,50.059166667,375.917
14.3,19.647666667,50.059583333,375.958
14.4,19.648,50.06,376.0
14.5,19.648333333,50.060416667,376.042
14.6,19.648666667,50.060833333,376.083
14.7,19.649,50.06125,376.125
14.8,19.649333333,50.061666667,376.167
14.9,19.649666667,50.062083333,376.208
15.0,19.65,50.0625,376.25
15.1,19.650333333,50.062916667,376.292
15.2,19.650666667,50.063333333,376.333
15.3,19.651,50.06375,376.375
15.4,19.651333333,50.064166667,376.417
15.5,19.651666667,50.064583333,376.458
15.6,19.652,50.065,376.5
15.7,19.652333333,50.065416667,376.542
15.8,19.652666667,50.065833333,376.583
15.9,19.653,50.06625,376.625
16.0,19.653333333,50.066666667,376.667
16.1,19.653666667,50.067083333,376.708
16.2,19.654,50.0675,376.75
16.3,19.654333333,50.067916667,376.792
16.4,19.654666667,50.068333333,376.833
16.5,19.655,50.06875,376.875
16.6,19.655333333,50.069166667,376.917
16.7,19.655666667,50.069583333,376.958
16.8,19.656,50.07,377.0
16.9,19.656333333,50.070416667,377.042
17.0,19.656666667,50.070833333,377.083
17.1,19.657,50.07125,377.125
17.2,19.657333333,50.071666667,377.167
17.3,19.657666667,50.072083333,377.208
17.4,19.658,50.0725,377.25
17.5,19.658333333,50.072916667,377.292
17.6,19.658666667,50.073333333,377.333
17.7,19.659,50.07375,377.375
17.8,19.659333333,50.074166667,377.417
17.9,19.659666667,50.074583333,377.458
18.0,19.66,50.075,377.5
18.1,19.660333333,50.075416667,377.542
18.2,19.660666667,50.075833333,377.583
18.3,19.661,50.07625,377.625
18.4,19.661333333,50.076666667,377.667
18.5,19.661666667,50.077083333,377.708
18.6,19.662,50.0775,377.75
18.7,19.662333333,50.077916667,377.792
18.8,19.662666667,50.078333333,377.833
18.9,19.663,50.07875,377.875
19.0,19.663333333,50.079166667,377.917
19.1,19.663666667,50.079583333,377.958
19.2,19.664,50.08,378.0
19.3,19.664333333,50.080416667,378.042
19.4,19.664666667,50.080833333,378.083
19.5,19.665,50.08125,378.125
19.6,19.665333333,50.081666667,378.167
19.7,19.665666667,50.082083333,378.208
19.8,19.666,50.0825,378.25
19.9,19.666333333,50.082916667,378.292
20.0,19.666666667,50.083333333,378.333
20.1,19.667,50.08375,378.375
20.2,19.667333333,50.084166667,378.417
20.3,19.667666667,50.084583333,378.458
20.4,19.668,50.085,378.5
20.5,19.668333333,50.085416667,378.542
20.6,19.668666667,50.085833333,378.583
20.7,19.669,50.08625,378.625
20.8,19.669333333,50.086666667,378.667
20.9,19.669666667,50.087083333,378.708
21.0,19.67,50.0875,378.75
21.1,19.670333333,50.087916667,378.792
21.2,19.670666667,50.088333333,378.833
21.3,19.671,50.08875,378.875
21.4,19.671333333,50.089166667,378.917
21.5,19.671666667,50.089583333,378.958
21.6,19.672,50.09,379.0
21.7,19.672333333,50.090416667,379.042
21.8,19.672666667,50.090833333,379.083
21.9,19.673,50.09125,379.125
22.0,19.673333333,50.091666667,379.167
22.1,19.673666667,50.092083333,379.208
22.2,19.674,50.0925,379.25
22.3,19.674333333,50.092916667,379.292
22.4,19.674666667,50.093333333,379.333
22.5,19.675,50.09375,379.375
22.6,19.675333333,50.094166667,379.417
22.7,19.675666667,50.094583333,379.458
22.8,19.676,50.095,379.5
22.9,19.676333333,50.095416667,379.542
23.0,19.676666667,50.095833333,379.583
23.1,19.677,50.09625,379.625
23.2,19.677333333,50.096666667,379.667
23.3,19.677666667,50.097083333,379.708
23.4,19.678,50.0975,379.75
23.5,19.678333333,50.097916667,379.792
23.6,19.678666667,50.098333333,379.833
23.7,19.679,50.09875,379.875
23.8,19.679333333,50.099166667,379.917
23.9,19.679666667,50.099583333,379.958
24.0,19.68,50.1,380.0
24.1,19.680333333,50.100416667,380.042
24.2,19.680666667,50.100833333,380.083
24.3,19.681,50.10125,380.125
24.4,19.681333333,50.101666667,380.167
24.5,19.681666667,50.102083333,380.208
24.6,19.682,50.1025,380.25
24.7,19.682333333,50.102916667,380.292
24.8,19.682666667,50.103333333,380.333
24.9,19.683,50.10375,380.375
25.0,19.683333333,50.104166667,380.417
25.1,19.683666667,50.104583333,380.458
25.2,19.684,50.105,380.5
25.3,19.684333333,50.105416667,380.542
25.4,19.684666667,50.105833333,380.583
25.5,19.685,50.10625,380.625
25.6,19.685333333,50.106666667,380.667
25.7,19.685666667,50.107083333,380.708
25.8,19.686,50.1075,380.75
25.9,19.686333333,50.107916667,380.792
26.0,19.686666667,50.108333333,380.833
26.1,19.687,50.10875,380.875
26.2,19.687333333,50.109166667,380.917
26.3,19.687666667,50.109583333,380.958
26.4,19.688,50.11,381.0
26.5,19.688333333,50.110416667,381.042
26.6,19.688666667,50.110833333,381.083
26.7,19.689,50.11125,381.125
26.8,19.689333333,50.111666667,381.167
26.9,19.689666667,50.112083333,381.208
27.0,19.69,50.1125,381.25
27.1,19.690333333,50.112916667,381.292
27.2,19.690666667,50.113333333,381.333
27.3,19.691,50.11375,381.375
27.4,19.691333333,50.114166667,381.417
27.5,19.691666667,50.114583333,381.458
27.6,19.692,50.115,381.5
27.7,19.692333333,50.115416667,381.542
27.8,19.692666667,50.115833333,381.583
27.9,19.693,50.11625,381.625
28.0,19.693333333,50.116666667,381.667
28.1,19.693666667,50.117083333,381.708
28.2,19.694,50.1175,381.75
28.3,19.694333333,50.117916667,381.792
28.4,19.694666667,50.118333333,381.833
28.5,19.695,50.11875,381.875
28.6,19.695333333,50.119166667,381.917
28.7,19.695666667,50.119583333,381.958
28.8,19.696,50.12,382.0
28.9,19.696333333,50.120416667,382.042
29.0,19.696666667,50.120833333,382.083
29.1,19.697,50.12125,382.125
29.2,19.697333333,50.121666667,382.167
29.3,19.697666667,50.122083333,382.208
29.4,19.698,50.1225,382.25
29.5,19.698333333,50.122916667,382.292
29.6,19.698666667,50.123333333,382.333
29.7,19.699,50.12375,382.375
29.8,19.699333333,50.124166667,382.417
29.9,19.699666667,50.124583333,382.458
30.0,19.7,50.125,382.5
30.1,19.700333333,50.125416667,382.542
30.2,19.700666667,50.125833333,382.583
30.3,19.701,50.12625,382.625
30.4,19.701333333,50.126666667,382.667
30.5,19.701666667,50.127083333,382.708
30.6,19.702,50.1275,382.75
30.7,19.702333333,50.127916667,382.792
30.8,19.702666667,50.128333333,382.833
30.9,19.703,50.12875,382.875
31.0,19.703333333,50.129166667,382.917
31.1,19.703666667,50.129583333,382.958
31.2,19.704,50.13,383.0
31.3,19.704333333,50.130416667,383.042
31.4,19.704666667,50.130833333,383.083
31.5,19.705,50.13125,383.125
31.6,19.705333333,50.131666667,383.167
31.7,19.705666667,50.132083333,383.208
31.8,19.706,50.1325,383.25
31.9,19.706333333,50.132916667,383.292
32.0,19.706666667,50.133333333,383.333
32.1,19.707,50.13375,383.375
32.2,19.707333333,50.134166667,383.417
32.3,19.707666667,50.134583333,383.458
32.4,19.708,50.135,383.5
32.5,19.708333333,50.135416667,383.542
32.6,19.708666667,50.135833333,383.583
32.7,19.709,50.13625,383.625
32.8,19.709333333,50.136666667,383.667
32.9,19.709666667,50.137083333,383.708
33.0,19.71,50.1375,383.75
33.1,19.710333333,50.137916667,383.792
33.2,19.710666667,50.138333333,383.833
33.3,19.711,50.13875,383.875
33.4,19.711333333,50.139166667,383.917
33.5,19.711666667,50.139583333,383.958
33.6,19.712,50.14,384.0
33.7,19.712333333,50.140416667,384.042
33.8,19.712666667,50.140833333,384.083
33.9,19.713,50.14125,384.125
34.0,19.713333333,50.141666667,384.167
34.1,19.713666667,50.142083333,384.208
34.2,19.714,50.1425,384.25
34.3,19.714333333,50.142916667,384.292
34.4,19.714666667,50.143333333,384.333
34.5,19.715,50.14375,384.375
34.6,19.715333333,50.144166667,384.417
34.7,19.715666667,50.144583333,384.458
34.8,19.716,50.145,384.5
34.9,19.716333333,50.145416667,384.542
35.0,19.716666667,50.145833333,384.583
35.1,19.717,50.14625,384.625
35.2,19.717333333,50.146666667,384.667
35.3,19.717666667,50.147083333,384.708
35.4,19.718,50.1475,384.75
35.5,19.718333333,50.147916667,384.792
35.6,19.718666667,50.148333333,384.833
35.7,19.719,50.14875,384.875
35.8,19.719333333,50.149166667,384.917
35.9,19.719666667,50.149583333,384.958
36.0,19.72,50.15,385.0
36.1,19.720333333,50.150416667,385.042
36.2,19.720666667,50.150833333,385.083
36.3,19.721,50.15125,385.125
36.4,19.721333333,50.151666667,385.167
36.5,19.721666667,50.152083333,385.208
36.6,19.722,50.1525,385.25
36.7,19.722333333,50.152916667,385.292
36.8,19.722666667,50.153333333,385.333
36.9,19.723,50.15375,385.375
37.0,19.723333333,50.154166667,385.417
37.1,19.723666667,50.154583333,385.458
37.2,19.724,50.155,385.5
37.3,19.724333333,50.155416667,385.542
37.4,19.724666667,50.155833333,385.583
37.5,19.725,50.15625,385.625
37.6,19.725333333,50.156666667,385.667
37.7,19.725666667,50.157083333,385.708
37.8,19.726,50.1575,385.75
37.9,19.726333333,50.157916667,385.792
38.0,19.726666667,50.158333333,385.833
38.1,19.727,50.15875,385.875
38.2,19.727333333,50.159166667,385.917
38.3,19.727666667,50.159583333,385.958
38.4,19.728,50.16,386.0
38.5,19.728333333,50.160416667,386.042
38.6,19.728666667,50.160833333,386.083
38.7,19.729,50.16125,386.125
38.8,19.729333333,50.161666667,386.167
38.9,19.729666667,50.162083333,386.208
39.0,19.73,50.1625,386.25
39.1,19.730333333,50.162916667,386.292
39.2,19.730666667,50.163333333,386.333
39.3,19.731,50.16375,386.375
39.4,19.731333333,50.164166667,386.417
39.5,19.731666667,50.164583333,386.458
39.6,19.732,50.165,386.5
39.7,19.732333333,50.165416667,386.542
39.8,19.732666667,50.165833333,386.583
39.9,19.733,50.16625,386.625
40.0,19.733333333,50.166666667,386.667
40.1,19.733666667,50.167083333,386.708
40.2,19.734,50.1675,386.75
40.3,19.734333333,50.167916667,386.792
40.4,19.734666667,50.168333333,386.833
40.5,19.735,50.16875,386.875
40.6,19.735333333,50.169166667,386.917
40.7,19.735666667,50.169583333,386.958
40.8,19.736,50.17,387.0
40.9,19.736333333,50.170416667,387.042
41.0,19.736666667,50.170833333,387.083
41.1,19.737,50.17125,387.125
41.2,19.737333333,50.171666667,387.167
41.3,19.737666667,50.172083333,387.208
41.4,19.738,50.1725,387.25
41.5,19.738333333,50.172916667,387.292
41.6,19.738666667,50.173333333,387.333
41.7,19.739,50.17375,387.375
41.8,19.739333333,50.174166667,387.417
41.9,19.739666667,50.174583333,387.458
42.0,19.74,50.175,387.5
42.1,19.740333333,50.175416667,387.542
42.2,19.740666667,50.175833333,387.583
42.3,19.741,50.17625,387.625
42.4,19.741333333,50.176666667,387.667
42.5,19.741666667,50.177083333,387.708
42.6,19.742,50.1775,387.75
42.7,19.742333333,50.177916667,387.792
42.8,19.742666667,50.178333333,387.833
42.9,19.743,50.17875,387.875
43.0,19.743333333,50.179166667,387.917
43.1,19.743666667,50.179583333,387.958
43.2,19.744,50.18,388.0
43.3,19.744333333,50.180416667,388.042
43.4,19.744666667,50.180833333,388.083
43.5,19.745,50.18125,388.125
43.6,19.745333333,50.181666667,388.167
43.7,19.745666667,50.182083333,388.208
43.8,19.746,50.1825,388.25
43.9,19.746333333,50.182916667,388.292
44.0,19.746666667,50.183333333,388.333
44.1,19.747,50.18375,388.375
44.2,19.747333333,50.184166667,388.417
44.3,19.747666667,50.184583333,388.458
44.4,19.748,50.185,388.5
44.5,19.748333333,50.185416667,388.542
44.6,19.748666667,50.185833333,388.583
44.7,19.749,50.18625,388.625
44.8,19.749333333,50.186666667,388.667
44.9,19.749666667,50.187083333,388.708
45.0,19.75,50.1875,388.75
45.1,19.750333333,50.187916667,388.792
45.2,19.750666667,50.188333333,388.833
45.3,19.751,50.18875,388.875
45.4,19.751333333,50.189166667,388.917
45.5,19.751666667,50.189583333,388.958
45.6,19.752,50.19,389.0
45.7,19.752333333,50.190416667,389.042
45.8,19.752666667,50.190833333,389.083
45.9,19.753,50.19125,389.125
46.0,19.753333333,50.191666667,389.167
46.1,19.753666667,50.192083333,389.208
46.2,19.754,50.1925,389.25
46.3,19.754333333,50.192916667,389.292
46.4,19.754666667,50.193333333,389.333
46.5,19.755,50.19375,389.375
46.6,19.755333333,50.194166667,389.417
46.7,19.755666667,50.194583333,389.458
46.8,19.756,50.195,389.5
46.9,19.756333333,50.195416667,389.542
47.0,19.756666667,50.195833333,389.583
47.1,19.757,50.19625,389.625
47.2,19.757333333,50.196666667,389.667
47.3,19.757666667,50.197083333,389.708
47.4,19.758,50.1975,389.75
47.5,19.758333333,50.197916667,389.792
47.6,19.758666667,50.198333333,389.833
47.7,19.759,50.19875,389.875
47.8,19.759333333,50.199166667,389.917
47.9,19.759666667,50.199583333,389.958
48.0,19.76,50.2,390.0
48.1,19.760333333,50.200416667,390.042
48.2,19.760666667,50.200833333,390.083
48.3,19.761,50.20125,390.125
48.4,19.761333333,50.201666667,390.167
48.5,19.761666667,50.202083333,390.208
48.6,19.762,50.2025,390.25
48.7,19.762333333,50.202916667,390.292
48.8,19.762666667,50.203333333,390.333
48.9,19.763,50.20375,390.375
49.0,19.763333333,50.204166667,390.417
49.1,19.763666667,50.204583333,390.458
49.2,19.764,50.205,390.5
49.3,19.764333333,50.205416667,390.542
49.4,19.764666667,50.205833333,390.583
49.5,19.765,50.20625,390.625
49.6,19.765333333,50.206666667,390.667
49.7,19.765666667,50.207083333,390.708
49.8,19.766,50.2075,390.75
49.9,19.766333333,50.207916667,390.792
50.0,19.766666667,50.208333333,390.833
50.1,19.767,50.20875,390.875
50.2,19.767333333,50.209166667,390.917
50.3,19.767666667,50.209583333,390.958
50.4,19.768,50.21,391.0
50.5,19.768333333,50.210416667,391.042
50.6,19.768666667,50.210833333,391.083
50.7,19.769,50.21125,391.125
50.8,19.769333333,50.211666667,391.167
50.9,19.769666667,50.212083333,391.208
51.0,19.77,50.2125,391.25
51.1,19.770333333,50.212916667,391.292
51.2,19.770666667,50.213333333,391.333
51.3,19.771,50.21375,391.375
51.4,19.771333333,50.214166667,391.417
51.5,19.771666667,50.214583333,391.458
51.6,19.772,50.215,391.5
51.7,19.772333333,50.215416667,391.542
51.8,19.772666667,50.215833333,391.583
51.9,19.773,50.21625,391.625
52.0,19.773333333,50.216666667,391.667
52.1,19.773666667,50.217083333,391.708
52.2,19.774,50.2175,391.75
52.3,19.774333333,50.217916667,391.792
52.4,19.774666667,50.218333333,391.833
52.5,19.775,50.21875,391.875
52.6,19.775333333,50.219166667,391.917
52.7,19.775666667,50.219583333,391.958
52.8,19.776,50.22,392.0
52.9,19.776333333,50.220416667,392.042
53.0,19.776666667,50.220833333,392.083
53.1,19.777,50.22125,392.125
53.2,19.777333333,50.221666667,392.167
53.3,19.777666667,50.222083333,392.208
53.4,19.778,50.2225,392.25
53.5,19.778333333,50.222916667,392.292
53.6,19.778666667,50.223333333,392.333
53.7,19.779,50.22375,392.375
53.8,19.779333333,50.224166667,392.417
53.9,19.779666667,50.224583333,392.458
54.0,19.78,50.225,392.5
54.1,19.780333333,50.225416667,392.542
54.2,19.780666667,50.225833333,392.583
54.3,19.781,50.22625,392.625
54.4,19.781333333,50.226666667,392.667
54.5,19.781666667,50.227083333,392.708
54.6,19.782,50.2275,392.75
54.7,19.782333333,50.227916667,392.792
54.8,19.782666667,50.228333333,392.833
54.9,19.783,50.22875,392.875
55.0,19.783333333,50.229166667,392.917
55.1,19.783666667,50.229583333,392.958
55.2,19.784,50.23,393.0
55.3,19.784333333,50.230416667,393.042
55.4,19.784666667,50.230833333,393.083
55.5,19.785,50.23125,393.125
55.6,19.785333333,50.231666667,393.167
55.7,19.785666667,50.232083333,393.208
55.8,19.786,50.2325,393.25
55.9,19.786333333,50.232916667,393.292
56.0,19.786666667,50.233333333,393.333
56.1,19.787,50.23375,393.375
56.2,19.787333333,50.234166667,393.417
56.3,19.787666667,50.234583333,393.458
56.4,19.788,50.235,393.5
56.5,19.788333333,50.235416667,393.542
56.6,19.788666667,50.235833333,393.583
56.7,19.789,50.23625,393.625
56.8,19.789333333,50.236666667,393.667
56.9,19.789666667,50.237083333,393.708
57.0,19.79,50.2375,393.75
57.1,19.790333333,50.237916667,393.792
57.2,19.790666667,50.238333333,393.833
57.3,19.791,50.23875,393.875
57.4,19.791333333,50.239166667,393.917
57.5,19.791666667,50.239583333,393.958
57.6,19.792,50.24,394.0
57.7,19.792333333,50.240416667,394.042
57.8,19.792666667,50.240833333,394.083
57.9,19.793,50.24125,394.125
58.0,19.793333333,50.241666667,394.167
58.1,19.793666667,50.242083333,394.208
58.2,19.794,50.2425,394.25
58.3,19.794333333,50.242916667,394.292
58.4,19.794666667,50.243333333,394.333
58.5,19.795,50.24375,394.375
58.6,19.795333333,50.244166667,394.417
58.7,19.795666667,50.244583333,394.458
58.8,19.796,50.245,394.5
58.9,19.796333333,50.245416667,394.542
59.0,19.796666667,50.245833333,394.583
59.1,19.797,50.24625,394.625
59.2,19.797333333,50.246666667,394.667
59.3,19.797666667,50.247083333,394.708
59.4,19.798,50.2475,394.75
59.5,19.798333333,50.247916667,394.792
59.6,19.798666667,50.248333333,394.833
59.7,19.799,50.24875,394.875
59.8,19.799333333,50.249166667,394.917
59.9,19.799666667,50.249583333,394.958
60.0,19.8,50.25,395.0
60.1,19.800333333,50.250416667,395.042
60.2,19.800666667,50.250833333,395.083
60.3,19.801,50.25125,395.125
60.4,19.801333333,50.251666667,395.167
60.5,19.801666667,50.252083333,395.208
60.6,19.802,50.2525,395.25
60.7,19.802333333,50.252916667,395.292
60.8,19.802666667,50.253333333,395.333
60.9,19.803,50.25375,395.375
61.0,19.803333333,50.254166667,395.417
61.1,19.803666667,50.254583333,395.458
61.2,19.804,50.255,395.5
61.3,19.804333333,50.255416667,395.542
61.4,19.804666667,50.255833333,395.583
61.5,19.805,50.25625,395.625
61.6,19.805333333,50.256666667,395.667
61.7,19.805666667,50.257083333,395.708
61.8,19.806,50.2575,395.75
61.9,19.806333333,50.257916667,395.792
62.0,19.806666667,50.258333333,395.833
62.1,19.807,50.25875,395.875
62.2,19.807333333,50.259166667,395.917
62.3,19.807666667,50.259583333,395.958
62.4,19.808,50.26,396.0
62.5,19.808333333,50.260416667,396.042
62.6,19.808666667,50.260833333,396.083
62.7,19.809,50.26125,396.125
62.8,19.809333333,50.261666667,396.167
62.9,19.809666667,50.262083333,396.208
63.0,19.81,50.2625,396.25
63.1,19.810333333,50.262916667,396.292
63.2,19.810666667,50.263333333,396.333
63.3,19.811,50.26375,396.375
63.4,19.811333333,50.264166667,396.417
63.5,19.811666667,50.264583333,396.458
63.6,19.812,50.265,396.5
63.7,19.812333333,50.265416667,396.542
63.8,19.812666667,50.265833333,396.583
63.9,19.813,50.26625,396.625
64.0,19.813333333,50.266666667,396.667
64.1,19.813666667,50.267083333,396.708
64.2,19.814,50.2675,396.75
64.3,19.814333333,50.267916667,396.792
64.4,19.814666667,50.268333333,396.833
64.5,19.815,50.26875,396.875
64.6,19.815333333,50.269166667,396.917
64.7,19.815666667,50.269583333,396.958
64.8,19.816,50.27,397.0
64.9,19.816333333,50.270416667,397.042
65.0,19.816666667,50.270833333,397.083
65.1,19.817,50.27125,397.125
65.2,19.817333333,50.271666667,397.167
65.3,19.817666667,50.272083333,397.208
65.4,19.818,50.2725,397.25
65.5,19.818333333,50.272916667,397.292
65.6,19.818666667,50.273333333,397.333
65.7,19.819,50.27375,397.375
65.8,19.819333333,50.274166667,397.417
65.9,19.819666667,50.274583333,397.458
66.0,19.82,50.275,397.5
66.1,19.820333333,50.275416667,397.542
66.2,19.820666667,50.275833333,397.583
66.3,19.821,50.27625,397.625
66.4,19.821333333,50.276666667,397.667
66.5,19.821666667,50.277083333,397.708
66.6,19.822,50.2775,397.75
66.7,19.822333333,50.277916667,397.792
66.8,19.822666667,50.278333333,397.833
66.9,19.823,50.27875,397.875
67.0,19.823333333,50.279166667,397.917
67.1,19.823666667,50.279583333,397.958
67.2,19.824,50.28,398.0
67.3,19.824333333,50.280416667,398.042
67.4,19.824666667,50.280833333,398.083
67.5,19.825,50.28125,398.125
67.6,19.825333333,50.281666667,398.167
67.7,19.825666667,50.282083333,398.208
67.8,19.826,50.2825,398.25
67.9,19.826333333,50.282916667,398.292
68.0,19.826666667,50.283333333,398.333
68.1,19.827,50.28375,398.375
68.2,19.827333333,50.284166667,398.417
68.3,19.827666667,50.284583333,398.458
68.4,19.828,50.285,398.5
68.5,19.828333333,50.285416667,398.542
68.6,19.828666667,50.285833333,398.583
68.7,19.829,50.28625,398.625
68.8,19.829333333,50.286666667,398.667
68.9,19.829666667,50.287083333,398.708
69.0,19.83,50.2875,398.75
69.1,19.830333333,50.287916667,398.792
69.2,19.830666667,50.288333333,398.833
69.3,19.831,50.28875,398.875
69.4,19.831333333,50.289166667,398.917
69.5,19.831666667,50.289583333,398.958
69.6,19.832,50.29,399.0
69.7,19.832333333,50.290416667,399.042
69.8,19.832666667,50.290833333,399.083
69.9,19.833,50.29125,399.125
70.0,19.833333333,50.291666667,399.167
70.1,19.833666667,50.292083333,399.208
70.2,19.834,50.2925,399.25
70.3,19.834333333,50.292916667,399.292
70.4,19.834666667,50.293333333,399.333
70.5,19.835,50.29375,399.375
70.6,19.835333333,50.294166667,399.417
70.7,19.835666667,50.294583333,399.458
70.8,19.836,50.295,399.5
70.9,19.836333333,50.295416667,399.542
71.0,19.836666667,50.295833333,399.583
71.1,19.837,50.29625,399.625
71.2,19.837333333,50.296666667,399.667
71.3,19.837666667,50.297083333,399.708
71.4,19.838,50.2975,399.75
71.5,19.838333333,50.297916667,399.792
71.6,19.838666667,50.298333333,399.833
71.7,19.839,50.29875,399.875
71.8,19.839333333,50.299166667,399.917
71.9,19.839666667,50.299583333,399.958
72.0,19.84,50.3,400.0
72.1,19.840333333,50.300416667,400.042
72.2,19.840666667,50.300833333,400.083
72.3,19.841,50.30125,400.125
72.4,19.841333333,50.301666667,400.167
72.5,19.841666667,50.302083333,400.208
72.6,19.842,50.3025,400.25
72.7,19.842333333,50.302916667,400.292
72.8,19.842666667,50.303333333,400.333
72.9,19.843,50.30375,400.375
73.0,19.843333333,50.304166667,400.417
73.1,19.843666667,50.304583333,400.458
73.2,19.844,50.305,400.5
73.3,19.844333333,50.305416667,400.542
73.4,19.844666667,50.305833333,400.583
73.5,19.845,50.30625,400.625
73.6,19.845333333,50.306666667,400.667
73.7,19.845666667,50.307083333,400.708
73.8,19.846,50.3075,400.75
73.9,19.846333333,50.307916667,400.792
74.0,19.846666667,50.308333333,400.833
74.1,19.847,50.30875,400.875
74.2,19.847333333,50.309166667,400.917
74.3,19.847666667,50.309583333,400.958
74.4,19.848,50.31,401.0
74.5,19.848333333,50.310416667,401.042
74.6,19.848666667,50.310833333,401.083
74.7,19.849,50.31125,401.125
74.8,19.849333333,50.311666667,401.167
74.9,19.849666667,50.312083333,401.208
75.0,19.85,50.3125,401.25
75.1,19.850333333,50.312916667,401.292
75.2,19.850666667,50.313333333,401.333
75.3,19.851,50.31375,401.375
75.4,19.851333333,50.314166667,401.417
75.5,19.851666667,50.314583333,401.458
75.6,19.852,50.315,401.5
75.7,19.852333333,50.315416667,401.542
75.8,19.852666667,50.315833333,401.583
75.9,19.853,50.31625,401.625
76.0,19.853333333,50.316666667,401.667
76.1,19.853666667,50.317083333,401.708
76.2,19.854,50.3175,401.75
76.3,19.854333333,50.317916667,401.792
76.4,19.854666667,50.318333333,401.833
76.5,19.855,50.31875,401.875
76.6,19.855333333,50.319166667,401.917
76.7,19.855666667,50.319583333,401.958
76.8,19.856,50.32,402.0
76.9,19.856333333,50.320416667,402.042
77.0,19.856666667,50.320833333,402.083
77.1,19.857,50.32125,402.125
77.2,19.857333333,50.321666667,402.167
77.3,19.857666667,50.322083333,402.208
77.4,19.858,50.3225,402.25
77.5,19.858333333,50.322916667,402.292
77.6,19.858666667,50.323333333,402.333
77.7,19.859,50.32375,402.375
77.8,19.859333333,50.324166667,402.417
77.9,19.859666667,50.324583333,402.458
78.0,19.86,50.325,402.5
78.1,19.860333333,50.325416667,402.542
78.2,19.860666667,50.325833333,402.583
78.3,19.861,50.32625,402.625
78.4,19.861333333,50.326666667,402.667
78.5,19.861666667,50.327083333,402.708
78.6,19.862,50.3275,402.75
78.7,19.862333333,50.327916667,402.792
78.8,19.862666667,50.328333333,402.833
78.9,19.863,50.32875,402.875
79.0,19.863333333,50.329166667,402.917
79.1,19.863666667,50.329583333,402.958
79.2,19.864,50.33,403.0
79.3,19.864333333,50.330416667,403.042
79.4,19.864666667,50.330833333,403.083
79.5,19.865,50.33125,403.125
79.6,19.865333333,50.331666667,403.167
79.7,19.865666667,50.332083333,403.208
79.8,19.866,50.3325,403.25
79.9,19.866333333,50.332916667,403.292
80.0,19.866666667,50.333333333,403.333
80.1,19.867,50.33375,403.375
80.2,19.867333333,50.334166667,403.417
80.3,19.867666667,50.334583333,403.458
80.4,19.868,50.335,403.5
80.5,19.868333333,50.335416667,403.542
80.6,19.868666667,50.335833333,403.583
80.7,19.869,50.33625,403.625
80.8,19.869333333,50.336666667,403.667
80.9,19.869666667,50.337083333,403.708
81.0,19.87,50.3375,403.75
81.1,19.870333333,50.337916667,403.792
81.2,19.870666667,50.338333333,403.833
81.3,19.871,50.33875,403.875
81.4,19.871333333,50.339166667,403.917
81.5,19.871666667,50.339583333,403.958
81.6,19.872,50.34,404.0
81.7,19.872333333,50.340416667,404.042
81.8,19.872666667,50.340833333,404.083
81.9,19.873,50.34125,404.125
82.0,19.873333333,50.341666667,404.167
82.1,19.873666667,50.342083333,404.208
82.2,19.874,50.3425,404.25
82.3,19.874333333,50.342916667,404.292
82.4,19.874666667,50.343333333,404.333
82.5,19.875,50.34375,404.375
82.6,19.875333333,50.344166667,404.417
82.7,19.875666667,50.344583333,404.458
82.8,19.876,50.345,404.5
82.9,19.876333333,50.345416667,404.542
83.0,19.876666667,50.345833333,404.583
83.1,19.877,50.34625,404.625
83.2,19.877333333,50.346666667,404.667
83.3,19.877666667,50.347083333,404.708
83.4,19.878,50.3475,404.75
83.5,19.878333333,50.347916667,404.792
83.6,19.878666667,50.348333333,404.833
83.7,19.879,50.34875,404.875
83.8,19.879333333,50.349166667,404.917
83.9,19.879666667,50.349583333,404.958
84.0,19.88,50.35,405.0
84.1,19.880333333,50.350416667,405.042
84.2,19.880666667,50.350833333,405.083
84.3,19.881,50.35125,405.125
84.4,19.881333333,50.351666667,405.167
84.5,19.881666667,50.352083333,405.208
84.6,19.882,50.3525,405.25
84.7,19.882333333,50.352916667,405.292
84.8,19.882666667,50.353333333,405.333
84.9,19.883,50.35375,405.375
85.0,19.883333333,50.354166667,405.417
85.1,19.883666667,50.354583333,405.458
85.2,19.884,50.355,405.5
85.3,19.884333333,50.355416667,405.542
85.4,19.884666667,50.355833333,405.583
85.5,19.885,50.35625,405.625
85.6,19.885333333,50.356666667,405.667
85.7,19.885666667,50.357083333,405.708
85.8,19.886,50.3575,405.75
85.9,19.886333333,50.357916667,405.792
86.0,19.886666667,50.358333333,405.833
86.1,19.887,50.35875,405.875
86.2,19.887333333,50.359166667,405.917
86.3,19.887666667,50.359583333,405.958
86.4,19.888,50.36,406.0
86.5,19.888333333,50.360416667,406.042
86.6,19.888666667,50.360833333,406.083
86.7,19.889,50.36125,406.125
86.8,19.889333333,50.361666667,406.167
86.9,19.889666667,50.362083333,406.208
87.0,19.89,50.3625,406.25
87.1,19.890333333,50.362916667,406.292
87.2,19.890666667,50.363333333,406.333
87.3,19.891,50.36375,406.375
87.4,19.891333333,50.364166667,406.417
87.5,19.891666667,50.364583333,406.458
87.6,19.892,50.365,406.5
87.7,19.892333333,50.365416667,406.542
87.8,19.892666667,50.365833333,406.583
87.9,19.893,50.36625,406.625
88.0,19.893333333,50.366666667,406.667
88.1,19.893666667,50.367083333,406.708
88.2,19.894,50.3675,406.75
88.3,19.894333333,50.367916667,406.792
88.4,19.894666667,50.368333333,406.833
88.5,19.895,50.36875,406.875
88.6,19.895333333,50.369166667,406.917
88.7,19.895666667,50.369583333,406.958
88.8,19.896,50.37,407.0
88.9,19.896333333,50.370416667,407.042
89.0,19.896666667,50.370833333,407.083
89.1,19.897,50.37125,407.125
89.2,19.897333333,50.371666667,407.167
89.3,19.897666667,50.372083333,407.208
89.4,19.898,50.3725,407.25
89.5,19.898333333,50.372916667,407.292
89.6,19.898666667,50.373333333,407.333
89.7,19.899,50.37375,407.375
89.8,19.899333333,50.374166667,407.417
89.9,19.899666667,50.374583333,407.458
90.0,19.9,50.375,407.5
90.1,19.900333333,50.375416667,407.542
90.2,19.900666667,50.375833333,407.583
90.3,19.901,50.37625,407.625
90.4,19.901333333,50.376666667,407.667
90.5,19.901666667,50.377083333,407.708
90.6,19.902,50.3775,407.75
90.7,19.902333333,50.377916667,407.792
90.8,19.902666667,50.378333333,407.833
90.9,19.903,50.37875,407.875
91.0,19.903333333,50.379166667,407.917
91.1,19.903666667,50.379583333,407.958
91.2,19.904,50.38,408.0
91.3,19.904333333,50.380416667,408.042
91.4,19.904666667,50.380833333,408.083
91.5,19.905,50.38125,408.125
91.6,19.905333333,50.381666667,408.167
91.7,19.905666667,50.382083333,408.208
91.8,19.906,50.3825,408.25
91.9,19.906333333,50.382916667,408.292
92.0,19.906666667,50.383333333,408.333
92.1,19.907,50.38375,408.375
92.2,19.907333333,50.384166667,408.417
92.3,19.907666667,50.384583333,408.458
92.4,19.908,50.385,408.5
92.5,19.908333333,50.385416667,408.542
92.6,19.908666667,50.385833333,408.583
92.7,19.909,50.38625,408.625
92.8,19.909333333,50.386666667,408.667
92.9,19.909666667,50.387083333,408.708
93.0,19.91,50.3875,408.75
93.1,19.910333333,50.387916667,408.792
93.2,19.910666667,50.388333333,408.833
93.3,19.911,50.38875,408.875
93.4,19.911333333,50.389166667,408.917
93.5,19.911666667,50.389583333,408.958
93.6,19.912,50.39,409.0
93.7,19.912333333,50.390416667,409.042
93.8,19.912666667,50.390833333,409.083
93.9,19.913,50.39125,409.125
94.0,19.913333333,50.391666667,409.167
94.1,19.913666667,50.392083333,409.208
94.2,19.914,50.3925,409.25
94.3,19.914333333,50.392916667,409.292
94.4,19.914666667,50.393333333,409.333
94.5,19.915,50.39375,409.375
94.6,19.915333333,50.394166667,409.417
94.7,19.915666667,50.394583333,409.458
94.8,19.916,50.395,409.5
94.9,19.916333333,50.395416667,409.542
95.0,19.916666667,50.395833333,409.583
95.1,19.917,50.39625,409.625
95.2,19.917333333,50.396666667,409.667
95.3,19.917666667,50.397083333,409.708
95.4,19.918,50.3975,409.75
95.5,19.918333333,50.397916667,409.792
95.6,19.918666667,50.398333333,409.833
95.7,19.919,50.39875,409.875
95.8,19.919333333,50.399166667,409.917
95.9,19.919666667,50.399583333,409.958
96.0,19.92,50.4,410.0
96.1,19.920333333,50.400416667,410.042
96.2,19.920666667,50.400833333,410.083
96.3,19.921,50.40125,410.125
96.4,19.921333333,50.401666667,410.167
96.5,19.921666667,50.402083333,410.208
96.6,19.922,50.4025,410.25
96.7,19.922333333,50.402916667,410.292
96.8,19.922666667,50.403333333,410.333
96.9,19.923,50.40375,410.375
97.0,19.923333333,50.404166667,410.417
97.1,19.923666667,50.404583333,410.458
97.2,19.924,50.405,410.5
97.3,19.924333333,50.405416667,410.542
97.4,19.924666667,50.405833333,410.583
97.5,19.925,50.40625,410.625
97.6,19.925333333,50.406666667,410.667
97.7,19.925666667,50.407083333,410.708
97.8,19.926,50.4075,410.75
97.9,19.926333333,50.407916667,410.792
98.0,19.926666667,50.408333333,410.833
98.1,19.927,50.40875,410.875
98.2,19.927333333,50.409166667,410.917
98.3,19.927666667,50.409583333,410.958
98.4,19.928,50.41,411.0
98.5,19.928333333,50.410416667,411.042
98.6,19.928666667,50.410833333,411.083
98.7,19.929,50.41125,411.125
98.8,19.929333333,50.411666667,411.167
98.9,19.929666667,50.412083333,411.208
99.0,19.93,50.4125,411.25
99.1,19.930333333,50.412916667,411.292
99.2,19.930666667,50.413333333,411.333
99.3,19.931,50.41375,411.375
99.4,19.931333333,50.414166667,411.417
99.5,19.931666667,50.414583333,411.458
99.6,19.932,50.415,411.5
99.7,19.932333333,50.415416667,411.542
99.8,19.932666667,50.415833333,411.583
99.9,19.933,50.41625,411.625
100.0,19.933333333,50.416666667,411.667
100.1,19.933666667,50.417083333,411.708
100.2,19.934,50.4175,411.75
100.3,19.934333333,50.417916667,411.792
100.4,19.934666667,50.418333333,411.833
100.5,19.935,50.41875,411.875
100.6,19.935333333,50.419166667,411.917
100.7,19.935666667,50.419583333,411.958
100.8,19.936,50.42,412.0
100.9,19.936333333,50.420416667,412.042
101.0,19.936666667,50.420833333,412.083
101.1,19.937,50.42125,412.125
101.2,19.937333333,50.421666667,412.167
101.3,19.937666667,50.422083333,412.208
101.4,19.938,50.4225,412.25
101.5,19.938333333,50.422916667,412.292
101.6,19.938666667,50.423333333,412.333
101.7,19.939,50.42375,412.375
101.8,19.939333333,50.424166667,412.417
101.9,19.939666667,50.424583333,412.458
102.0,19.94,50.425,412.5
102.1,19.940333333,50.425416667,412.542
102.2,19.940666667,50.425833333,412.583
102.3,19.941,50.42625,412.625
102.4,19.941333333,50.426666667,412.667
102.5,19.941666667,50.427083333,412.708
102.6,19.942,50.4275,412.75
102.7,19.942333333,50.427916667,412.792
102.8,19.942666667,50.428333333,412.833
102.9,19.943,50.42875,412.875
103.0,19.943333333,50.429166667,412.917
103.1,19.943666667,50.429583333,412.958
103.2,19.944,50.43,413.0
103.3,19.944333333,50.430416667,413.042
103.4,19.944666667,50.430833333,413.083
103.5,19.945,50.43125,413.125
103.6,19.945333333,50.431666667,413.167
103.7,19.945666667,50.432083333,413.208
103.8,19.946,50.4325,413.25
103.9,19.946333333,50.432916667,413.292
104.0,19.946666667,50.433333333,413.333
104.1,19.947,50.43375,413.375
104.2,19.947333333,50.434166667,413.417
104.3,19.947666667,50.434583333,413.458
104.4,19.948,50.435,413.5
104.5,19.948333333,50.435416667,413.542
104.6,19.948666667,50.435833333,413.583
104.7,19.949,50.43625,413.625
104.8,19.949333333,50.436666667,413.667
104.9,19.949666667,50.437083333,413.708
105.0,19.95,50.4375,413.75
105.1,19.950333333,50.437916667,413.792
105.2,19.950666667,50.438333333,413.833
105.3,19.951,50.43875,413.875
105.4,19.951333333,50.439166667,413.917
105.5,19.951666667,50.439583333,413.958
105.6,19.952,50.44,414.0
105.7,19.952333333,50.440416667,414.042
105.8,19.952666667,50.440833333,414.083
105.9,19.953,50.44125,414.125
106.0,19.953333333,50.441666667,414.167
106.1,19.953666667,50.442083333,414.208
106.2,19.954,50.4425,414.25
106.3,19.954333333,50.442916667,414.292
106.4,19.954666667,50.443333333,414.333
106.5,19.955,50.44375,414.375
106.6,19.955333333,50.444166667,414.417
106.7,19.955666667,50.444583333,414.458
106.8,19.956,50.445,414.5
106.9,19.956333333,50.445416667,414.542
107.0,19.956666667,50.445833333,414.583
107.1,19.957,50.44625,414.625
107.2,19.957333333,50.446666667,414.667
107.3,19.957666667,50.447083333,414.708
107.4,19.958,50.4475,414.75
107.5,19.958333333,50.447916667,414.792
107.6,19.958666667,50.448333333,414.833
107.7,19.959,50.44875,414.875
107.8,19.959333333,50.449166667,414.917
107.9,19.959666667,50.449583333,414.958
108.0,19.96,50.45,415.0
108.1,19.960333333,50.450416667,415.042
108.2,19.960666667,50.450833333,415.083
108.3,19.961,50.45125,415.125
108.4,19.961333333,50.451666667,415.167
108.5,19.961666667,50.452083333,415.208
108.6,19.962,50.4525,415.25
108.7,19.962333333,50.452916667,415.292
108.8,19.962666667,50.453333333,415.333
108.9,19.963,50.45375,415.375
109.0,19.963333333,50.454166667,415.417
109.1,19.963666667,50.454583333,415.458
109.2,19.964,50.455,415.5
109.3,19.964333333,50.455416667,415.542
109.4,19.964666667,50.455833333,415.583
109.5,19.965,50.45625,415.625
109.6,19.965333333,50.456666667,415.667
109.7,19.965666667,50.457083333,415.708
109.8,19.966,50.4575,415.75
109.9,19.966333333,50.457916667,415.792
110.0,19.966666667,50.458333333,415.833
110.1,19.967,50.45875,415.875
110.2,19.967333333,50.459166667,415.917
110.3,19.967666667,50.459583333,415.958
110.4,19.968,50.46,416.0
110.5,19.968333333,50.460416667,416.042
110.6,19.968666667,50.460833333,416.083
110.7,19.969,50.46125,416.125
110.8,19.969333333,50.461666667,416.167
110.9,19.969666667,50.462083333,416.208
111.0,19.97,50.4625,416.25
111.1,19.970333333,50.462916667,416.292
111.2,19.970666667,50.463333333,416.333
111.3,19.971,50.46375,416.375
111.4,19.971333333,50.464166667,416.417
111.5,19.971666667,50.464583333,416.458
111.6,19.972,50.465,416.5
111.7,19.972333333,50.465416667,416.542
111.8,19.972666667,50.465833333,416.583
111.9,19.973,50.46625,416.625
112.0,19.973333333,50.466666667,416.667
112.1,19.973666667,50.467083333,416.708
112.2,19.974,50.4675,416.75
112.3,19.974333333,50.467916667,416.792
112.4,19.974666667,50.468333333,416.833
112.5,19.975,50.46875,416.875
112.6,19.975333333,50.469166667,416.917
112.7,19.975666667,50.469583333,416.958
112.8,19.976,50.47,417.0
112.9,19.976333333,50.470416667,417.042
113.0,19.976666667,50.470833333,417.083
113.1,19.977,50.47125,417.125
113.2,19.977333333,50.471666667,417.167
113.3,19.977666667,50.472083333,417.208
113.4,19.978,50.4725,417.25
113.5,19.978333333,50.472916667,417.292
113.6,19.978666667,50.473333333,417.333
113.7,19.979,50.47375,417.375
113.8,19.979333333,50.474166667,417.417
113.9,19.979666667,50.474583333,417.458
114.0,19.98,50.475,417.5
114.1,19.980333333,50.475416667,417.542
114.2,19.980666667,50.475833333,417.583
114.3,19.981,50.47625,417.625
114.4,19.981333333,50.476666667,417.667
114.5,19.981666667,50.477083333,417.708
114.6,19.982,50.4775,417.75
114.7,19.982333333,50.477916667,417.792
114.8,19.982666667,50.478333333,417.833
114.9,19.983,50.47875,417.875
115.0,19.983333333,50.479166667,417.917
115.1,19.983666667,50.479583333,417.958
115.2,19.984,50.48,418.0
115.3,19.984333333,50.480416667,418.042
115.4,19.984666667,50.480833333,418.083
115.5,19.985,50.48125,418.125
115.6,19.985333333,50.481666667,418.167
115.7,19.985666667,50.482083333,418.208
115.8,19.986,50.4825,418.25
115.9,19.986333333,50.482916667,418.292
116.0,19.986666667,50.483333333,418.333
116.1,19.987,50.48375,418.375
116.2,19.987333333,50.484166667,418.417
116.3,19.987666667,50.484583333,418.458
116.4,19.988,50.485,418.5
116.5,19.988333333,50.485416667,418.542
116.6,19.988666667,50.485833333,418.583
116.7,19.989,50.48625,418.625
116.8,19.989333333,50.486666667,418.667
116.9,19.989666667,50.487083333,418.708
117.0,19.99,50.4875,418.75
117.1,19.990333333,50.487916667,418.792
117.2,19.990666667,50.488333333,418.833
117.3,19.991,50.48875,418.875
117.4,19.991333333,50.489166667,418.917
117.5,19.991666667,50.489583333,418.958
117.6,19.992,50.49,419.0
117.7,19.992333333,50.490416667,419.042
117.8,19.992666667,50.490833333,419.083
117.9,19.993,50.49125,419.125
118.0,19.993333333,50.491666667,419.167
118.1,19.993666667,50.492083333,419.208
118.2,19.994,50.4925,419.25
118.3,19.994333333,50.492916667,419.292
118.4,19.994666667,50.493333333,419.333
118.5,19.995,50.49375,419.375
118.6,19.995333333,50.494166667,419.417
118.7,19.995666667,50.494583333,419.458
118.8,19.996,50.495,419.5
118.9,19.996333333,50.495416667,419.542
119.0,19.996666667,50.495833333,419.583
119.1,19.997,50.49625,419.625
119.2,19.997333333,50.496666667,419.667
119.3,19.997666667,50.497083333,419.708
119.4,19.998,50.4975,419.75
119.5,19.998333333,50.497916667,419.792
119.6,19.998666667,50.498333333,419.833
119.7,19.999,50.49875,419.875
119.8,19.999333333,50.499166667,419.917
119.9,19.999666667,50.499583333,419.958
120.0,20.0,50.5,420.0
